Movie ID,Movie Title,Movie Poster URL,Movie Trailer URL
toy_story,Toy Story,https://upload.wikimedia.org/wikipedia/en/1/13/Toy_Story.jpg,https://www.youtube.com/watch?v=KYz2wyBy3kc
avatar,Avatar,https://upload.wikimedia.org/wikipedia/en/b/b0/Avatar-Teaser-Poster.jpg,https://www.youtube.com/watch?v=5PSNL1qE6VY
infinity_war,Avenger's Infinity War,https://upload.wikimedia.org/wikipedia/en/4/4d/Avengers_Infinity_War_poster.jpg,"""https://www.youtube.com/watch?v=QwievZ1Tx-8"""
spiderman,Spiderman: Homecoming,https://upload.wikimedia.org/wikipedia/en/f/f9/Spider-Man_Homecoming_poster.jpg,https://www.youtube.com/watch?v=n9DwoQ7HWvI&t=12s
black_panther,Black Panter,https://upload.wikimedia.org/wikipedia/en/0/0c/Black_Panther_film_poster.jpg,https://www.youtube.com/watch?v=x02xX2dv6bQ
oceans_8,Ocean's 8,https://upload.wikimedia.org/wikipedia/en/d/dd/OceansEightPoster.jpeg,https://www.youtube.com/watch?v=MFWF9dU5Zc0
oceans_eleven,Ocean's Eleven,https://upload.wikimedia.org/wikipedia/en/6/68/Ocean%27s_Eleven_2001_Poster.jpg,https://www.youtube.com/watch?v=n3epi9hPbqQ
pulp_fiction,Pulp Fiction,https://upload.wikimedia.org/wikipedia/en/3/3b/Pulp_Fiction_%281994%29_poster.jpg,https://www.youtube.com/watch?v=s7EdQ4FqbhY
transformers,Transformers,https://upload.wikimedia.org/wikipedia/en/6/66/Transformers07.jpg,https://www.youtube.com/watch?v=CbX_SIz_9fk
Transformers_2,Transformers: Revenge of the Fallen,https://upload.wikimedia.org/wikipedia/en/c/cb/TF2SteelPoster.jpg,https://www.youtube.com/watch?v=uH3STHC63hU
wonder_woman,Wonder Woman,https://upload.wikimedia.org/wikipedia/en/e/ed/Wonder_Woman_%282017_film%29.jpg,https://www.youtube.com/watch?v=1Q8fG0TtVAY
the_avengers,The Avengers,https://upload.wikimedia.org/wikipedia/en/f/f9/TheAvengers2012Poster.jpg,https://www.youtube.com/watch?v=eOrNdBpGMv8&
